vehicle_id,type_id,mileage,estimated_monthly_accumulation,last_update
1,22,1000,1000,2025-02-28T21:36:25.236682+00:00
2,6,13931,800,2025-02-28T21:36:25.236682+00:00
3,24,98453,1300,2025-02-28T21:36:25.236682+00:00
4,4,68545,1000,2025-02-28T21:36:25.236682+00:00
5,6,6839,800,2025-02-28T21:36:25.236682+00:00
6,26,21731,1000,2025-02-28T21:36:25.236682+00:00
7,20,202276,1000,2025-02-28T21:36:25.236682+00:00
8,3,48580,800,2025-02-28T21:36:25.236682+00:00
9,25,1000,1000,2025-02-28T21:36:25.236682+00:00
10,24,86469,1300,2025-02-28T21:36:25.236682+00:00
11,5,215684,1000,2025-02-28T21:36:25.236682+00:00
12,18,60937,800,2025-02-28T21:36:25.236682+00:00
13,28,1000,1000,2025-02-28T21:36:25.236682+00:00
14,4,92969,1000,2025-02-28T21:36:25.236682+00:00
15,4,89861,1000,2025-02-28T21:36:25.236682+00:00
16,30,37036,1000,2025-02-28T21:36:25.236682+00:00
17,8,11596,1000,2025-02-28T21:36:25.236682+00:00
18,28,1000,1000,2025-02-28T21:36:25.236682+00:00
19,11,14380,800,2025-02-28T21:36:25.236682+00:00
20,14,67762,1000,2025-02-28T21:36:25.236682+00:00
21,14,115961,1000,2025-02-28T21:36:25.236682+00:00
22,4,98997,1000,2025-02-28T21:36:25.236682+00:00
23,1,1000,1000,2025-02-28T21:36:25.236682+00:00
24,20,155945,1000,2025-02-28T21:36:25.236682+00:00
25,9,125421,800,2025-02-28T21:36:25.236682+00:00
26,23,166917,1000,2025-02-28T21:36:25.236682+00:00
27,20,191963,1000,2025-02-28T21:36:25.236682+00:00
28,4,61244,1000,2025-02-28T21:36:25.236682+00:00
29,7,171924,1000,2025-02-28T21:36:25.236682+00:00
30,19,1000,1000,2025-02-28T21:36:25.236682+00:00
31,27,28835,1300,2025-02-28T21:36:25.236682+00:00
32,11,15701,800,2025-02-28T21:36:25.236682+00:00
33,6,13275,800,2025-02-28T21:36:25.236682+00:00
34,4,123662,1000,2025-02-28T21:36:25.236682+00:00
35,24,83414,1300,2025-02-28T21:36:25.236682+00:00
36,18,37808,800,2025-02-28T21:36:25.236682+00:00
37,5,236411,1000,2025-02-28T21:36:25.236682+00:00
38,23,135387,1000,2025-02-28T21:36:25.236682+00:00
39,23,178657,1000,2025-02-28T21:36:25.236682+00:00
40,16,49496,800,2025-02-28T21:36:25.236682+00:00
41,8,12422,1000,2025-02-28T21:36:25.236682+00:00
42,5,135502,1000,2025-02-28T21:36:25.236682+00:00
43,21,74384,800,2025-02-28T21:36:25.236682+00:00
44,22,1000,1000,2025-02-28T21:36:25.236682+00:00
45,20,197028,1000,2025-02-28T21:36:25.236682+00:00
46,24,54957,1300,2025-02-28T21:36:25.236682+00:00
47,5,276081,1000,2025-02-28T21:36:25.236682+00:00
48,16,100768,800,2025-02-28T21:36:25.236682+00:00
49,24,78231,1300,2025-02-28T21:36:25.236682+00:00
50,24,85275,1300,2025-02-28T21:36:25.236682+00:00
51,30,35993,1000,2025-02-28T21:36:25.236682+00:00
52,13,78296,1000,2025-02-28T21:36:25.236682+00:00
53,1,1000,1000,2025-02-28T21:36:25.236682+00:00
54,25,1000,1000,2025-02-28T21:36:25.236682+00:00
55,15,18426,1000,2025-02-28T21:36:25.236682+00:00
56,26,18995,1000,2025-02-28T21:36:25.236682+00:00
57,16,108154,800,2025-02-28T21:36:25.236682+00:00
58,12,210200,1000,2025-02-28T21:36:25.236682+00:00
59,2,139308,1000,2025-02-28T21:36:25.236682+00:00
60,21,141432,800,2025-02-28T21:36:25.236682+00:00
61,8,10712,1000,2025-02-28T21:36:25.236682+00:00
62,11,14182,800,2025-02-28T21:36:25.236682+00:00
63,15,31031,1000,2025-02-28T21:36:25.236682+00:00
64,15,31946,1000,2025-02-28T21:36:25.236682+00:00
65,16,114337,800,2025-02-28T21:36:25.236682+00:00
66,2,116612,1000,2025-02-28T21:36:25.236682+00:00
67,25,1000,1000,2025-02-28T21:36:25.236682+00:00
68,17,126633,800,2025-02-28T21:36:25.236682+00:00
69,6,12719,800,2025-02-28T21:36:25.236682+00:00
70,5,206672,1000,2025-02-28T21:36:25.236682+00:00
71,3,31119,800,2025-02-28T21:36:25.236682+00:00
72,17,140530,800,2025-02-28T21:36:25.236682+00:00
73,22,1000,1000,2025-02-28T21:36:25.236682+00:00
74,7,263634,1000,2025-02-28T21:36:25.236682+00:00
75,13,52947,1000,2025-02-28T21:36:25.236682+00:00
76,19,1000,1000,2025-02-28T21:36:25.236682+00:00
77,27,35732,1300,2025-02-28T21:36:25.236682+00:00
78,14,79821,1000,2025-02-28T21:36:25.236682+00:00
79,25,1000,1000,2025-02-28T21:36:25.236682+00:00
80,18,50318,800,2025-02-28T21:36:25.236682+00:00
81,18,37929,800,2025-02-28T21:36:25.236682+00:00
82,14,83124,1000,2025-02-28T21:36:25.236682+00:00
83,17,160521,800,2025-02-28T21:36:25.236682+00:00
84,7,183503,1000,2025-02-28T21:36:25.236682+00:00
85,14,84216,1000,2025-02-28T21:36:25.236682+00:00
86,29,13634,1000,2025-02-28T21:36:25.236682+00:00
87,13,59318,1000,2025-02-28T21:36:25.236682+00:00
88,16,101982,800,2025-02-28T21:36:25.236682+00:00
89,15,21728,1000,2025-02-28T21:36:25.236682+00:00
90,22,1000,1000,2025-02-28T21:36:25.236682+00:00
91,18,25313,800,2025-02-28T21:36:25.236682+00:00
92,9,148303,800,2025-02-28T21:36:25.236682+00:00
93,18,58353,800,2025-02-28T21:36:25.236682+00:00
94,17,135519,800,2025-02-28T21:36:25.236682+00:00
95,26,27106,1000,2025-02-28T21:36:25.236682+00:00
96,12,211588,1000,2025-02-28T21:36:25.236682+00:00
97,23,152243,1000,2025-02-28T21:36:25.236682+00:00
98,19,1000,1000,2025-02-28T21:36:25.236682+00:00
99,1,1000,1000,2025-02-28T21:36:25.236682+00:00
100,28,1000,1000,2025-02-28T21:36:25.236682+00:00
101,25,1000,1000,2025-02-28T21:36:25.236682+00:00
102,10,75765,1000,2025-02-28T21:36:25.236682+00:00
103,21,75870,800,2025-02-28T21:36:25.236682+00:00
104,8,5620,1000,2025-02-28T21:36:25.236682+00:00
105,30,29904,1000,2025-02-28T21:36:25.236682+00:00
106,17,132793,800,2025-02-28T21:36:25.236682+00:00
107,26,29064,1000,2025-02-28T21:36:25.236682+00:00
108,24,64487,1300,2025-02-28T21:36:25.236682+00:00
109,26,20000,1000,2025-02-28T21:36:25.236682+00:00
110,24,76763,1300,2025-02-28T21:36:25.236682+00:00
111,29,9279,1000,2025-02-28T21:36:25.236682+00:00
112,15,26603,1000,2025-02-28T21:36:25.236682+00:00
113,5,274228,1000,2025-02-28T21:36:25.236682+00:00
114,12,212568,1000,2025-02-28T21:36:25.236682+00:00
115,16,101914,800,2025-02-28T21:36:25.236682+00:00
116,4,115927,1000,2025-02-28T21:36:25.236682+00:00
117,7,200483,1000,2025-02-28T21:36:25.236682+00:00
118,9,121846,800,2025-02-28T21:36:25.236682+00:00
119,23,104457,1000,2025-02-28T21:36:25.236682+00:00
120,26,12343,1000,2025-02-28T21:36:25.236682+00:00
121,26,27534,1000,2025-02-28T21:36:25.236682+00:00
122,5,193695,1000,2025-02-28T21:36:25.236682+00:00
123,26,25602,1000,2025-02-28T21:36:25.236682+00:00
124,15,24320,1000,2025-02-28T21:36:25.236682+00:00
125,1,1000,1000,2025-02-28T21:36:25.236682+00:00
126,28,1000,1000,2025-02-28T21:36:25.236682+00:00
127,10,109221,1000,2025-02-28T21:36:25.236682+00:00
128,19,1000,1000,2025-02-28T21:36:25.236682+00:00
129,13,57165,1000,2025-02-28T21:36:25.236682+00:00
130,22,1000,1000,2025-02-28T21:36:25.236682+00:00
131,29,12137,1000,2025-02-28T21:36:25.236682+00:00
132,1,1000,1000,2025-02-28T21:36:25.236682+00:00
133,25,1000,1000,2025-02-28T21:36:25.236682+00:00
134,23,156874,1000,2025-02-28T21:36:25.236682+00:00
135,16,54488,800,2025-02-28T21:36:25.236682+00:00
136,16,125099,800,2025-02-28T21:36:25.236682+00:00
137,20,180937,1000,2025-02-28T21:36:25.236682+00:00
138,10,97133,1000,2025-02-28T21:36:25.236682+00:00
139,10,76418,1000,2025-02-28T21:36:25.236682+00:00
140,19,1000,1000,2025-02-28T21:36:25.236682+00:00
141,30,37665,1000,2025-02-28T21:36:25.236682+00:00
142,24,72782,1300,2025-02-28T21:36:25.236682+00:00
143,25,1000,1000,2025-02-28T21:36:25.236682+00:00
144,5,193163,1000,2025-02-28T21:36:25.236682+00:00
145,10,83731,1000,2025-02-28T21:36:25.236682+00:00
146,12,220857,1000,2025-02-28T21:36:25.236682+00:00
147,28,1000,1000,2025-02-28T21:36:25.236682+00:00
148,2,107062,1000,2025-02-28T21:36:25.236682+00:00
149,23,197015,1000,2025-02-28T21:36:25.236682+00:00
150,2,115657,1000,2025-02-28T21:36:25.236682+00:00
151,2,108608,1000,2025-02-28T21:36:25.236682+00:00
152,8,12609,1000,2025-02-28T21:36:25.236682+00:00
153,19,1000,1000,2025-02-28T21:36:25.236682+00:00
154,29,12129,1000,2025-02-28T21:36:25.236682+00:00
155,27,31745,1300,2025-02-28T21:36:25.236682+00:00
156,27,50731,1300,2025-02-28T21:36:25.236682+00:00
157,12,180463,1000,2025-02-28T21:36:25.236682+00:00
158,21,71002,800,2025-02-28T21:36:25.236682+00:00
159,10,83632,1000,2025-02-28T21:36:25.236682+00:00
160,15,19658,1000,2025-02-28T21:36:25.236682+00:00
161,29,13321,1000,2025-02-28T21:36:25.236682+00:00
162,11,13817,800,2025-02-28T21:36:25.236682+00:00
163,12,235405,1000,2025-02-28T21:36:25.236682+00:00
164,23,145923,1000,2025-02-28T21:36:25.236682+00:00
165,10,101323,1000,2025-02-28T21:36:25.236682+00:00
166,18,55760,800,2025-02-28T21:36:25.236682+00:00
167,19,1000,1000,2025-02-28T21:36:25.236682+00:00
168,28,1000,1000,2025-02-28T21:36:25.236682+00:00
169,16,55824,800,2025-02-28T21:36:25.236682+00:00
170,23,167465,1000,2025-02-28T21:36:25.236682+00:00
171,18,45026,800,2025-02-28T21:36:25.236682+00:00
172,2,120922,1000,2025-02-28T21:36:25.236682+00:00
173,8,8967,1000,2025-02-28T21:36:25.236682+00:00
174,27,37761,1300,2025-02-28T21:36:25.236682+00:00
175,10,89201,1000,2025-02-28T21:36:25.236682+00:00
176,29,13889,1000,2025-02-28T21:36:25.236682+00:00
177,13,67789,1000,2025-02-28T21:36:25.236682+00:00
178,6,9459,800,2025-02-28T21:36:25.236682+00:00
179,19,1000,1000,2025-02-28T21:36:25.236682+00:00
180,13,72289,1000,2025-02-28T21:36:25.236682+00:00
181,25,1000,1000,2025-02-28T21:36:25.236682+00:00
182,16,122988,800,2025-02-28T21:36:25.236682+00:00
183,14,94060,1000,2025-02-28T21:36:25.236682+00:00
184,30,38986,1000,2025-02-28T21:36:25.236682+00:00
185,19,1000,1000,2025-02-28T21:36:25.236682+00:00
186,4,128481,1000,2025-02-28T21:36:25.236682+00:00
187,13,69496,1000,2025-02-28T21:36:25.236682+00:00
188,14,119127,1000,2025-02-28T21:36:25.236682+00:00
189,17,153667,800,2025-02-28T21:36:25.236682+00:00
190,16,133748,800,2025-02-28T21:36:25.236682+00:00
191,5,157215,1000,2025-02-28T21:36:25.236682+00:00
192,18,68496,800,2025-02-28T21:36:25.236682+00:00
193,3,26855,800,2025-02-28T21:36:25.236682+00:00
194,26,25127,1000,2025-02-28T21:36:25.236682+00:00
195,2,127155,1000,2025-02-28T21:36:25.236682+00:00
196,14,109866,1000,2025-02-28T21:36:25.236682+00:00
197,14,98044,1000,2025-02-28T21:36:25.236682+00:00
198,15,19830,1000,2025-02-28T21:36:25.236682+00:00
199,7,269005,1000,2025-02-28T21:36:25.236682+00:00
200,24,72955,1300,2025-02-28T21:36:25.236682+00:00
201,13,74561,1000,2025-02-28T21:36:25.236682+00:00
202,7,192497,1000,2025-02-28T21:36:25.236682+00:00
203,25,1000,1000,2025-02-28T21:36:25.236682+00:00
204,22,1000,1000,2025-02-28T21:36:25.236682+00:00
205,9,110149,800,2025-02-28T21:36:25.236682+00:00
206,28,1000,1000,2025-02-28T21:36:25.236682+00:00
207,2,95306,1000,2025-02-28T21:36:25.236682+00:00
208,12,219150,1000,2025-02-28T21:36:25.236682+00:00
209,8,11374,1000,2025-02-28T21:36:25.236682+00:00
210,16,104936,800,2025-02-28T21:36:25.236682+00:00
211,2,120621,1000,2025-02-28T21:36:25.236682+00:00
212,18,45289,800,2025-02-28T21:36:25.236682+00:00
213,13,67341,1000,2025-02-28T21:36:25.236682+00:00
214,14,112531,1000,2025-02-28T21:36:25.236682+00:00
215,13,84964,1000,2025-02-28T21:36:25.236682+00:00
216,20,202730,1000,2025-02-28T21:36:25.236682+00:00
217,30,41907,1000,2025-02-28T21:36:25.236682+00:00
218,24,62866,1300,2025-02-28T21:36:25.236682+00:00
219,8,14968,1000,2025-02-28T21:36:25.236682+00:00
220,23,169636,1000,2025-02-28T21:36:25.236682+00:00
221,1,1000,1000,2025-02-28T21:36:25.236682+00:00
222,4,62338,1000,2025-02-28T21:36:25.236682+00:00
223,13,61754,1000,2025-02-28T21:36:25.236682+00:00
224,4,89927,1000,2025-02-28T21:36:25.236682+00:00
225,3,34148,800,2025-02-28T21:36:25.236682+00:00
226,20,146737,1000,2025-02-28T21:36:25.236682+00:00
227,27,28641,1300,2025-02-28T21:36:25.236682+00:00
228,25,1000,1000,2025-02-28T21:36:25.236682+00:00
229,29,9842,1000,2025-02-28T21:36:25.236682+00:00
230,27,47963,1300,2025-02-28T21:36:25.236682+00:00
231,4,93445,1000,2025-02-28T21:36:25.236682+00:00
232,24,70208,1300,2025-02-28T21:36:25.236682+00:00
233,14,110710,1000,2025-02-28T21:36:25.236682+00:00
234,23,185639,1000,2025-02-28T21:36:25.236682+00:00
235,22,1000,1000,2025-02-28T21:36:25.236682+00:00
236,19,1000,1000,2025-02-28T21:36:25.236682+00:00
237,4,84964,1000,2025-02-28T21:36:25.236682+00:00
238,5,277700,1000,2025-02-28T21:36:25.236682+00:00
239,9,132002,800,2025-02-28T21:36:25.236682+00:00
240,30,38559,1000,2025-02-28T21:36:25.236682+00:00
241,2,132217,1000,2025-02-28T21:36:25.236682+00:00
242,6,12734,800,2025-02-28T21:36:25.236682+00:00
243,10,88111,1000,2025-02-28T21:36:25.236682+00:00
244,14,101466,1000,2025-02-28T21:36:25.236682+00:00
245,19,1000,1000,2025-02-28T21:36:25.236682+00:00
246,26,27674,1000,2025-02-28T21:36:25.236682+00:00
247,26,16296,1000,2025-02-28T21:36:25.236682+00:00
248,17,129246,800,2025-02-28T21:36:25.236682+00:00
249,1,1000,1000,2025-02-28T21:36:25.236682+00:00
250,12,186879,1000,2025-02-28T21:36:25.236682+00:00
251,5,170798,1000,2025-02-28T21:36:25.236682+00:00
252,22,1000,1000,2025-02-28T21:36:25.236682+00:00
253,8,13462,1000,2025-02-28T21:36:25.236682+00:00
254,16,86262,800,2025-02-28T21:36:25.236682+00:00
255,19,1000,1000,2025-02-28T21:36:25.236682+00:00
256,30,28776,1000,2025-02-28T21:36:25.236682+00:00
257,8,11655,1000,2025-02-28T21:36:25.236682+00:00
258,6,10449,800,2025-02-28T21:36:25.236682+00:00
259,23,209476,1000,2025-02-28T21:36:25.236682+00:00
260,13,44283,1000,2025-02-28T21:36:25.236682+00:00
261,28,1000,1000,2025-02-28T21:36:25.236682+00:00
262,11,9266,800,2025-02-28T21:36:25.236682+00:00
263,11,13316,800,2025-02-28T21:36:25.236682+00:00
264,15,27192,1000,2025-02-28T21:36:25.236682+00:00
265,22,1000,1000,2025-02-28T21:36:25.236682+00:00
266,21,97633,800,2025-02-28T21:36:25.236682+00:00
267,17,128336,800,2025-02-28T21:36:25.236682+00:00
268,30,33714,1000,2025-02-28T21:36:25.236682+00:00
269,4,98495,1000,2025-02-28T21:36:25.236682+00:00
270,13,67997,1000,2025-02-28T21:36:25.236682+00:00
271,5,216872,1000,2025-02-28T21:36:25.236682+00:00
272,22,1000,1000,2025-02-28T21:36:25.236682+00:00
273,4,109959,1000,2025-02-28T21:36:25.236682+00:00
274,15,28653,1000,2025-02-28T21:36:25.236682+00:00
275,7,236522,1000,2025-02-28T21:36:25.236682+00:00
276,20,185364,1000,2025-02-28T21:36:25.236682+00:00
277,3,42532,800,2025-02-28T21:36:25.236682+00:00
278,22,1000,1000,2025-02-28T21:36:25.236682+00:00
279,25,1000,1000,2025-02-28T21:36:25.236682+00:00
280,29,9842,1000,2025-02-28T21:36:25.236682+00:00
281,1,1000,1000,2025-02-28T21:36:25.236682+00:00
282,6,11483,800,2025-02-28T21:36:25.236682+00:00
283,7,203272,1000,2025-02-28T21:36:25.236682+00:00
284,5,131153,1000,2025-02-28T21:36:25.236682+00:00
285,17,109148,800,2025-02-28T21:36:25.236682+00:00
286,14,89731,1000,2025-02-28T21:36:25.236682+00:00
287,8,9226,1000,2025-02-28T21:36:25.236682+00:00
288,21,91352,800,2025-02-28T21:36:25.236682+00:00
289,8,12008,1000,2025-02-28T21:36:25.236682+00:00
290,25,1000,1000,2025-02-28T21:36:25.236682+00:00
291,26,25417,1000,2025-02-28T21:36:25.236682+00:00
292,4,115864,1000,2025-02-28T21:36:25.236682+00:00
293,26,18545,1000,2025-02-28T21:36:25.236682+00:00
294,22,1000,1000,2025-02-28T21:36:25.236682+00:00
295,12,177240,1000,2025-02-28T21:36:25.236682+00:00
296,16,99371,800,2025-02-28T21:36:25.236682+00:00
297,24,97885,1300,2025-02-28T21:36:25.236682+00:00
298,1,1000,1000,2025-02-28T21:36:25.236682+00:00
299,30,37704,1000,2025-02-28T21:36:25.236682+00:00
300,11,14758,800,2025-02-28T21:36:25.236682+00:00
301,13,77269,1000,2025-02-28T21:36:25.236682+00:00
302,30,27752,1000,2025-02-28T21:36:25.236682+00:00
303,20,182446,1000,2025-02-28T21:36:25.236682+00:00
304,14,89765,1000,2025-02-28T21:36:25.236682+00:00
305,21,79420,800,2025-02-28T21:36:25.236682+00:00
306,30,28622,1000,2025-02-28T21:36:25.236682+00:00
307,20,186986,1000,2025-02-28T21:36:25.236682+00:00
308,25,1000,1000,2025-02-28T21:36:25.236682+00:00
309,29,13418,1000,2025-02-28T21:36:25.236682+00:00
310,12,256083,1000,2025-02-28T21:36:25.236682+00:00
311,14,98354,1000,2025-02-28T21:36:25.236682+00:00
312,24,72666,1300,2025-02-28T21:36:25.236682+00:00
313,11,14650,800,2025-02-28T21:36:25.236682+00:00
314,19,1000,1000,2025-02-28T21:36:25.236682+00:00
315,18,37974,800,2025-02-28T21:36:25.236682+00:00
316,7,181305,1000,2025-02-28T21:36:25.236682+00:00
317,13,50918,1000,2025-02-28T21:36:25.236682+00:00
318,14,120263,1000,2025-02-28T21:36:25.236682+00:00
319,2,104203,1000,2025-02-28T21:36:25.236682+00:00
320,29,11009,1000,2025-02-28T21:36:25.236682+00:00
321,1,1000,1000,2025-02-28T21:36:25.236682+00:00
322,17,130024,800,2025-02-28T21:36:25.236682+00:00
323,6,9913,800,2025-02-28T21:36:25.236682+00:00
324,14,125014,1000,2025-02-28T21:36:25.236682+00:00
325,1,1000,1000,2025-02-28T21:36:25.236682+00:00
326,12,166726,1000,2025-02-28T21:36:25.236682+00:00
327,18,54821,800,2025-02-28T21:36:25.236682+00:00
328,6,15314,800,2025-02-28T21:36:25.236682+00:00
329,30,35765,1000,2025-02-28T21:36:25.236682+00:00
330,13,68988,1000,2025-02-28T21:36:25.236682+00:00
331,30,31428,1000,2025-02-28T21:36:25.236682+00:00
332,8,12123,1000,2025-02-28T21:36:25.236682+00:00
333,15,34331,1000,2025-02-28T21:36:25.236682+00:00
334,22,1000,1000,2025-02-28T21:36:25.236682+00:00
335,16,92576,800,2025-02-28T21:36:25.236682+00:00
336,5,183102,1000,2025-02-28T21:36:25.236682+00:00
337,30,39100,1000,2025-02-28T21:36:25.236682+00:00
338,21,69867,800,2025-02-28T21:36:25.236682+00:00
339,28,1000,1000,2025-02-28T21:36:25.236682+00:00
340,19,1000,1000,2025-02-28T21:36:25.236682+00:00
341,24,84991,1300,2025-02-28T21:36:25.236682+00:00
342,3,49760,800,2025-02-28T21:36:25.236682+00:00
343,24,94602,1300,2025-02-28T21:36:25.236682+00:00
344,22,1000,1000,2025-02-28T21:36:25.236682+00:00
345,12,200649,1000,2025-02-28T21:36:25.236682+00:00
346,30,31576,1000,2025-02-28T21:36:25.236682+00:00
347,9,176935,800,2025-02-28T21:36:25.236682+00:00
348,30,31934,1000,2025-02-28T21:36:25.236682+00:00
349,29,12891,1000,2025-02-28T21:36:25.236682+00:00
350,11,11754,800,2025-02-28T21:36:25.236682+00:00
351,21,106342,800,2025-02-28T21:36:25.236682+00:00
352,8,11560,1000,2025-02-28T21:36:25.236682+00:00
353,9,144223,800,2025-02-28T21:36:25.236682+00:00
354,8,14716,1000,2025-02-28T21:36:25.236682+00:00
355,26,33543,1000,2025-02-28T21:36:25.236682+00:00
356,28,1000,1000,2025-02-28T21:36:25.236682+00:00
357,7,233293,1000,2025-02-28T21:36:25.236682+00:00
358,15,24080,1000,2025-02-28T21:36:25.236682+00:00
359,27,38622,1300,2025-02-28T21:36:25.236682+00:00
360,5,187974,1000,2025-02-28T21:36:25.236682+00:00
361,24,60312,1300,2025-02-28T21:36:25.236682+00:00
362,25,1000,1000,2025-02-28T21:36:25.236682+00:00
363,12,143686,1000,2025-02-28T21:36:25.236682+00:00
364,26,24172,1000,2025-02-28T21:36:25.236682+00:00
365,15,21176,1000,2025-02-28T21:36:25.236682+00:00
366,4,81560,1000,2025-02-28T21:36:25.236682+00:00
367,19,1000,1000,2025-02-28T21:36:25.236682+00:00
368,3,49594,800,2025-02-28T21:36:25.236682+00:00
369,3,38181,800,2025-02-28T21:36:25.236682+00:00
370,28,1000,1000,2025-02-28T21:36:25.236682+00:00
371,22,1000,1000,2025-02-28T21:36:25.236682+00:00
372,6,12563,800,2025-02-28T21:36:25.236682+00:00
373,7,224410,1000,2025-02-28T21:36:25.236682+00:00
374,18,65499,800,2025-02-28T21:36:25.236682+00:00
375,16,87139,800,2025-02-28T21:36:25.236682+00:00
376,2,92462,1000,2025-02-28T21:36:25.236682+00:00
377,10,97269,1000,2025-02-28T21:36:25.236682+00:00
378,25,1000,1000,2025-02-28T21:36:25.236682+00:00
379,12,229681,1000,2025-02-28T21:36:25.236682+00:00
380,8,11475,1000,2025-02-28T21:36:25.236682+00:00
381,29,10842,1000,2025-02-28T21:36:25.236682+00:00
382,24,92256,1300,2025-02-28T21:36:25.236682+00:00
383,26,12025,1000,2025-02-28T21:36:25.236682+00:00
384,10,98529,1000,2025-02-28T21:36:25.236682+00:00
385,4,110705,1000,2025-02-28T21:36:25.236682+00:00
386,19,1000,1000,2025-02-28T21:36:25.236682+00:00
387,13,71507,1000,2025-02-28T21:36:25.236682+00:00
388,16,107740,800,2025-02-28T21:36:25.236682+00:00
389,7,196041,1000,2025-02-28T21:36:25.236682+00:00
390,9,94100,800,2025-02-28T21:36:25.236682+00:00
391,4,115007,1000,2025-02-28T21:36:25.236682+00:00
392,20,254340,1000,2025-02-28T21:36:25.236682+00:00
393,19,1000,1000,2025-02-28T21:36:25.236682+00:00
394,18,50471,800,2025-02-28T21:36:25.236682+00:00
395,12,234361,1000,2025-02-28T21:36:25.236682+00:00
396,4,123935,1000,2025-02-28T21:36:25.236682+00:00
397,5,144919,1000,2025-02-28T21:36:25.236682+00:00
398,1,1000,1000,2025-02-28T21:36:25.236682+00:00
399,7,241291,1000,2025-02-28T21:36:25.236682+00:00
400,1,1000,1000,2025-02-28T21:36:25.236682+00:00
401,7,275804,1000,2025-02-28T21:36:25.236682+00:00
402,12,233747,1000,2025-02-28T21:36:25.236682+00:00
403,5,199601,1000,2025-02-28T21:36:25.236682+00:00
404,14,128706,1000,2025-02-28T21:36:25.236682+00:00
405,6,10023,800,2025-02-28T21:36:25.236682+00:00
406,1,1000,1000,2025-02-28T21:36:25.236682+00:00
407,2,97419,1000,2025-02-28T21:36:25.236682+00:00
408,29,10292,1000,2025-02-28T21:36:25.236682+00:00
409,19,1000,1000,2025-02-28T21:36:25.236682+00:00
410,19,1000,1000,2025-02-28T21:36:25.236682+00:00
411,5,215089,1000,2025-02-28T21:36:25.236682+00:00
412,14,129902,1000,2025-02-28T21:36:25.236682+00:00
413,3,37986,800,2025-02-28T21:36:25.236682+00:00
414,8,12095,1000,2025-02-28T21:36:25.236682+00:00
415,24,71679,1300,2025-02-28T21:36:25.236682+00:00
416,26,22972,1000,2025-02-28T21:36:25.236682+00:00
417,2,91973,1000,2025-02-28T21:36:25.236682+00:00
418,24,72544,1300,2025-02-28T21:36:25.236682+00:00
419,5,204465,1000,2025-02-28T21:36:25.236682+00:00
420,16,107313,800,2025-02-28T21:36:25.236682+00:00
421,14,110151,1000,2025-02-28T21:36:25.236682+00:00
422,29,11633,1000,2025-02-28T21:36:25.236682+00:00
423,8,14169,1000,2025-02-28T21:36:25.236682+00:00
424,5,278494,1000,2025-02-28T21:36:25.236682+00:00
425,11,10189,800,2025-02-28T21:36:25.236682+00:00
426,8,12965,1000,2025-02-28T21:36:25.236682+00:00
427,19,1000,1000,2025-02-28T21:36:25.236682+00:00
428,1,1000,1000,2025-02-28T21:36:25.236682+00:00
429,26,21125,1000,2025-02-28T21:36:25.236682+00:00
430,21,78912,800,2025-02-28T21:36:25.236682+00:00
431,18,46854,800,2025-02-28T21:36:25.236682+00:00
432,17,151940,800,2025-02-28T21:36:25.236682+00:00
433,9,93073,800,2025-02-28T21:36:25.236682+00:00
434,29,14004,1000,2025-02-28T21:36:25.236682+00:00
435,4,107684,1000,2025-02-28T21:36:25.236682+00:00
436,3,37613,800,2025-02-28T21:36:25.236682+00:00
437,2,135155,1000,2025-02-28T21:36:25.236682+00:00
438,10,85328,1000,2025-02-28T21:36:25.236682+00:00
439,28,1000,1000,2025-02-28T21:36:25.236682+00:00
440,2,141037,1000,2025-02-28T21:36:25.236682+00:00
441,2,132469,1000,2025-02-28T21:36:25.236682+00:00
442,23,130858,1000,2025-02-28T21:36:25.236682+00:00
443,9,184132,800,2025-02-28T21:36:25.236682+00:00
444,2,131569,1000,2025-02-28T21:36:25.236682+00:00
445,11,8194,800,2025-02-28T21:36:25.236682+00:00
446,20,145012,1000,2025-02-28T21:36:25.236682+00:00
447,7,189294,1000,2025-02-28T21:36:25.236682+00:00
448,18,46742,800,2025-02-28T21:36:25.236682+00:00
449,8,13087,1000,2025-02-28T21:36:25.236682+00:00
450,28,1000,1000,2025-02-28T21:36:25.236682+00:00
451,13,89787,1000,2025-02-28T21:36:25.236682+00:00
452,16,77782,800,2025-02-28T21:36:25.236682+00:00
453,21,49039,800,2025-02-28T21:36:25.236682+00:00
454,6,8580,800,2025-02-28T21:36:25.236682+00:00
455,26,29713,1000,2025-02-28T21:36:25.236682+00:00
456,16,130922,800,2025-02-28T21:36:25.236682+00:00
457,1,1000,1000,2025-02-28T21:36:25.236682+00:00
458,17,149132,800,2025-02-28T21:36:25.236682+00:00
459,9,131655,800,2025-02-28T21:36:25.236682+00:00
460,28,1000,1000,2025-02-28T21:36:25.236682+00:00
461,8,10480,1000,2025-02-28T21:36:25.236682+00:00
462,10,80206,1000,2025-02-28T21:36:25.236682+00:00
463,11,11643,800,2025-02-28T21:36:25.236682+00:00
464,8,14287,1000,2025-02-28T21:36:25.236682+00:00
465,7,218518,1000,2025-02-28T21:36:25.236682+00:00
466,13,60213,1000,2025-02-28T21:36:25.236682+00:00
467,12,129211,1000,2025-02-28T21:36:25.236682+00:00
468,19,1000,1000,2025-02-28T21:36:25.236682+00:00
469,10,140426,1000,2025-02-28T21:36:25.236682+00:00
470,4,97287,1000,2025-02-28T21:36:25.236682+00:00
471,22,1000,1000,2025-02-28T21:36:25.236682+00:00
472,28,1000,1000,2025-02-28T21:36:25.236682+00:00
473,17,103763,800,2025-02-28T21:36:25.236682+00:00
474,4,110105,1000,2025-02-28T21:36:25.236682+00:00
475,21,75548,800,2025-02-28T21:36:25.236682+00:00
476,28,1000,1000,2025-02-28T21:36:25.236682+00:00
477,4,115311,1000,2025-02-28T21:36:25.236682+00:00
478,6,13947,800,2025-02-28T21:36:25.236682+00:00
479,26,18455,1000,2025-02-28T21:36:25.236682+00:00
480,24,64813,1300,2025-02-28T21:36:25.236682+00:00
481,17,175817,800,2025-02-28T21:36:25.236682+00:00
482,24,99251,1300,2025-02-28T21:36:25.236682+00:00
483,3,23701,800,2025-02-28T21:36:25.236682+00:00
484,17,95492,800,2025-02-28T21:36:25.236682+00:00
485,20,272687,1000,2025-02-28T21:36:25.236682+00:00
486,30,32099,1000,2025-02-28T21:36:25.236682+00:00
487,29,8370,1000,2025-02-28T21:36:25.236682+00:00
488,25,1000,1000,2025-02-28T21:36:25.236682+00:00
489,30,47615,1000,2025-02-28T21:36:25.236682+00:00
490,29,9969,1000,2025-02-28T21:36:25.236682+00:00
491,19,1000,1000,2025-02-28T21:36:25.236682+00:00
492,22,1000,1000,2025-02-28T21:36:25.236682+00:00
493,23,161619,1000,2025-02-28T21:36:25.236682+00:00
494,6,13268,800,2025-02-28T21:36:25.236682+00:00
495,26,15087,1000,2025-02-28T21:36:25.236682+00:00
496,1,1000,1000,2025-02-28T21:36:25.236682+00:00
497,21,99095,800,2025-02-28T21:36:25.236682+00:00
498,16,96937,800,2025-02-28T21:36:25.236682+00:00
499,13,72648,1000,2025-02-28T21:36:25.236682+00:00
500,25,1000,1000,2025-02-28T21:36:25.236682+00:00
501,25,1000,1000,2025-02-28T21:36:25.236682+00:00
502,17,178188,800,2025-02-28T21:36:25.236682+00:00
503,12,238719,1000,2025-02-28T21:36:25.236682+00:00
504,1,1000,1000,2025-02-28T21:36:25.236682+00:00
505,3,30293,800,2025-02-28T21:36:25.236682+00:00
506,10,116736,1000,2025-02-28T21:36:25.236682+00:00
507,24,78747,1300,2025-02-28T21:36:25.236682+00:00
508,14,105557,1000,2025-02-28T21:36:25.236682+00:00
509,28,1000,1000,2025-02-28T21:36:25.236682+00:00
510,25,1000,1000,2025-02-28T21:36:25.236682+00:00
511,28,1000,1000,2025-02-28T21:36:25.236682+00:00
512,6,10163,800,2025-02-28T21:36:25.236682+00:00
513,27,39157,1300,2025-02-28T21:36:25.236682+00:00
514,22,1000,1000,2025-02-28T21:36:25.236682+00:00
515,28,1000,1000,2025-02-28T21:36:25.236682+00:00
516,23,126742,1000,2025-02-28T21:36:25.236682+00:00
517,13,53345,1000,2025-02-28T21:36:25.236682+00:00
518,2,79991,1000,2025-02-28T21:36:25.236682+00:00
519,5,180572,1000,2025-02-28T21:36:25.236682+00:00
520,20,186508,1000,2025-02-28T21:36:25.236682+00:00
521,5,97297,1000,2025-02-28T21:36:25.236682+00:00
522,26,17003,1000,2025-02-28T21:36:25.236682+00:00
523,2,124313,1000,2025-02-28T21:36:25.236682+00:00
524,3,29806,800,2025-02-28T21:36:25.236682+00:00
525,23,150812,1000,2025-02-28T21:36:25.236682+00:00
526,21,96086,800,2025-02-28T21:36:25.236682+00:00
527,3,42470,800,2025-02-28T21:36:25.236682+00:00
528,18,36530,800,2025-02-28T21:36:25.236682+00:00
529,14,90113,1000,2025-02-28T21:36:25.236682+00:00
530,11,17880,800,2025-02-28T21:36:25.236682+00:00
531,11,11282,800,2025-02-28T21:36:25.236682+00:00
532,5,197221,1000,2025-02-28T21:36:25.236682+00:00
533,2,110821,1000,2025-02-28T21:36:25.236682+00:00
534,4,89924,1000,2025-02-28T21:36:25.236682+00:00
535,22,1000,1000,2025-02-28T21:36:25.236682+00:00
536,25,1000,1000,2025-02-28T21:36:25.236682+00:00
537,7,183580,1000,2025-02-28T21:36:25.236682+00:00
538,6,15376,800,2025-02-28T21:36:25.236682+00:00
539,21,97525,800,2025-02-28T21:36:25.236682+00:00
540,7,238567,1000,2025-02-28T21:36:25.236682+00:00
541,12,255883,1000,2025-02-28T21:36:25.236682+00:00
542,18,58615,800,2025-02-28T21:36:25.236682+00:00
543,27,28667,1300,2025-02-28T21:36:25.236682+00:00
544,23,169566,1000,2025-02-28T21:36:25.236682+00:00
545,8,7127,1000,2025-02-28T21:36:25.236682+00:00
546,8,10093,1000,2025-02-28T21:36:25.236682+00:00
547,12,200257,1000,2025-02-28T21:36:25.236682+00:00
548,14,117702,1000,2025-02-28T21:36:25.236682+00:00
549,22,1000,1000,2025-02-28T21:36:25.236682+00:00
550,17,135402,800,2025-02-28T21:36:25.236682+00:00
551,29,14464,1000,2025-02-28T21:36:25.236682+00:00
552,17,121600,800,2025-02-28T21:36:25.236682+00:00
553,14,74173,1000,2025-02-28T21:36:25.236682+00:00
554,27,28955,1300,2025-02-28T21:36:25.236682+00:00
555,1,1000,1000,2025-02-28T21:36:25.236682+00:00
556,4,116341,1000,2025-02-28T21:36:25.236682+00:00
557,10,60170,1000,2025-02-28T21:36:25.236682+00:00
558,20,184015,1000,2025-02-28T21:36:25.236682+00:00
559,20,197657,1000,2025-02-28T21:36:25.236682+00:00
560,14,100812,1000,2025-02-28T21:36:25.236682+00:00
561,5,181675,1000,2025-02-28T21:36:25.236682+00:00
562,21,64782,800,2025-02-28T21:36:25.236682+00:00
563,18,34740,800,2025-02-28T21:36:25.236682+00:00
564,4,121620,1000,2025-02-28T21:36:25.236682+00:00
565,14,134056,1000,2025-02-28T21:36:25.236682+00:00
566,23,178740,1000,2025-02-28T21:36:25.236682+00:00
567,9,163747,800,2025-02-28T21:36:25.236682+00:00
568,23,109504,1000,2025-02-28T21:36:25.236682+00:00
569,22,1000,1000,2025-02-28T21:36:25.236682+00:00
570,23,162119,1000,2025-02-28T21:36:25.236682+00:00
571,11,11884,800,2025-02-28T21:36:25.236682+00:00
572,4,125789,1000,2025-02-28T21:36:25.236682+00:00
573,8,12174,1000,2025-02-28T21:36:25.236682+00:00
574,9,120220,800,2025-02-28T21:36:25.236682+00:00
575,30,47329,1000,2025-02-28T21:36:25.236682+00:00
576,27,32190,1300,2025-02-28T21:36:25.236682+00:00
577,16,97613,800,2025-02-28T21:36:25.236682+00:00
578,4,87913,1000,2025-02-28T21:36:25.236682+00:00
579,8,12510,1000,2025-02-28T21:36:25.236682+00:00
580,2,143037,1000,2025-02-28T21:36:25.236682+00:00
581,10,92891,1000,2025-02-28T21:36:25.236682+00:00
582,28,1000,1000,2025-02-28T21:36:25.236682+00:00
583,2,117429,1000,2025-02-28T21:36:25.236682+00:00
584,13,84904,1000,2025-02-28T21:36:25.236682+00:00
585,20,251720,1000,2025-02-28T21:36:25.236682+00:00
586,25,1000,1000,2025-02-28T21:36:25.236682+00:00
587,7,135179,1000,2025-02-28T21:36:25.236682+00:00
588,13,57547,1000,2025-02-28T21:36:25.236682+00:00
589,22,1000,1000,2025-02-28T21:36:25.236682+00:00
590,22,1000,1000,2025-02-28T21:36:25.236682+00:00
591,6,10873,800,2025-02-28T21:36:25.236682+00:00
592,28,1000,1000,2025-02-28T21:36:25.236682+00:00
593,28,1000,1000,2025-02-28T21:36:25.236682+00:00
594,1,1000,1000,2025-02-28T21:36:25.236682+00:00
595,16,113468,800,2025-02-28T21:36:25.236682+00:00
596,2,129066,1000,2025-02-28T21:36:25.236682+00:00
597,2,121338,1000,2025-02-28T21:36:25.236682+00:00
598,9,130865,800,2025-02-28T21:36:25.236682+00:00
599,16,107412,800,2025-02-28T21:36:25.236682+00:00
600,20,197342,1000,2025-02-28T21:36:25.236682+00:00
601,6,11201,800,2025-02-28T21:36:25.236682+00:00
602,2,119362,1000,2025-02-28T21:36:25.236682+00:00
603,17,106282,800,2025-02-28T21:36:25.236682+00:00
604,16,90165,800,2025-02-28T21:36:25.236682+00:00
605,13,74422,1000,2025-02-28T21:36:25.236682+00:00
606,16,104811,800,2025-02-28T21:36:25.236682+00:00
607,1,1000,1000,2025-02-28T21:36:25.236682+00:00
608,1,1000,1000,2025-02-28T21:36:25.236682+00:00
609,8,7160,1000,2025-02-28T21:36:25.236682+00:00
610,27,48876,1300,2025-02-28T21:36:25.236682+00:00
611,17,141970,800,2025-02-28T21:36:25.236682+00:00
612,21,69930,800,2025-02-28T21:36:25.236682+00:00
613,5,170843,1000,2025-02-28T21:36:25.236682+00:00
614,4,72051,1000,2025-02-28T21:36:25.236682+00:00
615,3,34826,800,2025-02-28T21:36:25.236682+00:00
616,18,28077,800,2025-02-28T21:36:25.236682+00:00
617,12,220108,1000,2025-02-28T21:36:25.236682+00:00
618,6,11948,800,2025-02-28T21:36:25.236682+00:00
619,24,73469,1300,2025-02-28T21:36:25.236682+00:00
620,13,59523,1000,2025-02-28T21:36:25.236682+00:00
621,7,151645,1000,2025-02-28T21:36:25.236682+00:00
622,15,27546,1000,2025-02-28T21:36:25.236682+00:00
623,5,235382,1000,2025-02-28T21:36:25.236682+00:00
624,22,1000,1000,2025-02-28T21:36:25.236682+00:00
625,1,1000,1000,2025-02-28T21:36:25.236682+00:00
626,23,107734,1000,2025-02-28T21:36:25.236682+00:00
627,7,223579,1000,2025-02-28T21:36:25.236682+00:00
628,8,9818,1000,2025-02-28T21:36:25.236682+00:00
629,13,43701,1000,2025-02-28T21:36:25.236682+00:00
630,2,145395,1000,2025-02-28T21:36:25.236682+00:00
631,7,143871,1000,2025-02-28T21:36:25.236682+00:00
632,16,76640,800,2025-02-28T21:36:25.236682+00:00
633,15,21953,1000,2025-02-28T21:36:25.236682+00:00
634,2,153343,1000,2025-02-28T21:36:25.236682+00:00
635,18,38080,800,2025-02-28T21:36:25.236682+00:00
636,2,89961,1000,2025-02-28T21:36:25.236682+00:00
637,17,135895,800,2025-02-28T21:36:25.236682+00:00
638,30,33928,1000,2025-02-28T21:36:25.236682+00:00
639,20,173127,1000,2025-02-28T21:36:25.236682+00:00
640,25,1000,1000,2025-02-28T21:36:25.236682+00:00
641,24,76106,1300,2025-02-28T21:36:25.236682+00:00
642,12,259705,1000,2025-02-28T21:36:25.236682+00:00
643,24,58085,1300,2025-02-28T21:36:25.236682+00:00
644,10,111250,1000,2025-02-28T21:36:25.236682+00:00
645,2,118064,1000,2025-02-28T21:36:25.236682+00:00
646,27,38643,1300,2025-02-28T21:36:25.236682+00:00
647,12,262341,1000,2025-02-28T21:36:25.236682+00:00
648,16,110418,800,2025-02-28T21:36:25.236682+00:00
649,18,57587,800,2025-02-28T21:36:25.236682+00:00
650,27,42784,1300,2025-02-28T21:36:25.236682+00:00
651,23,193764,1000,2025-02-28T21:36:25.236682+00:00
652,4,137206,1000,2025-02-28T21:36:25.236682+00:00
653,16,78285,800,2025-02-28T21:36:25.236682+00:00
654,11,12105,800,2025-02-28T21:36:25.236682+00:00
655,27,33737,1300,2025-02-28T21:36:25.236682+00:00
656,26,25180,1000,2025-02-28T21:36:25.236682+00:00
657,10,87317,1000,2025-02-28T21:36:25.236682+00:00
658,14,90072,1000,2025-02-28T21:36:25.236682+00:00
659,16,97493,800,2025-02-28T21:36:25.236682+00:00
660,8,11136,1000,2025-02-28T21:36:25.236682+00:00
661,27,48099,1300,2025-02-28T21:36:25.236682+00:00
662,3,34108,800,2025-02-28T21:36:25.236682+00:00
663,10,81173,1000,2025-02-28T21:36:25.236682+00:00
664,16,69298,800,2025-02-28T21:36:25.236682+00:00
665,4,62685,1000,2025-02-28T21:36:25.236682+00:00
666,23,135502,1000,2025-02-28T21:36:25.236682+00:00
667,11,13789,800,2025-02-28T21:36:25.236682+00:00
668,22,1000,1000,2025-02-28T21:36:25.236682+00:00
669,28,1000,1000,2025-02-28T21:36:25.236682+00:00
670,11,12293,800,2025-02-28T21:36:25.236682+00:00
671,3,54729,800,2025-02-28T21:36:25.236682+00:00
672,13,40712,1000,2025-02-28T21:36:25.236682+00:00
673,12,259052,1000,2025-02-28T21:36:25.236682+00:00
674,28,1000,1000,2025-02-28T21:36:25.236682+00:00
675,12,251874,1000,2025-02-28T21:36:25.236682+00:00
676,12,140548,1000,2025-02-28T21:36:25.236682+00:00
677,14,100361,1000,2025-02-28T21:36:25.236682+00:00
678,13,79003,1000,2025-02-28T21:36:25.236682+00:00
679,14,91038,1000,2025-02-28T21:36:25.236682+00:00
680,27,40520,1300,2025-02-28T21:36:25.236682+00:00
681,1,1000,1000,2025-02-28T21:36:25.236682+00:00
682,21,88360,800,2025-02-28T21:36:25.236682+00:00
683,5,188646,1000,2025-02-28T21:36:25.236682+00:00
684,18,60169,800,2025-02-28T21:36:25.236682+00:00
685,8,9548,1000,2025-02-28T21:36:25.236682+00:00
686,1,1000,1000,2025-02-28T21:36:25.236682+00:00
687,17,138455,800,2025-02-28T21:36:25.236682+00:00
688,12,193148,1000,2025-02-28T21:36:25.236682+00:00
689,11,11037,800,2025-02-28T21:36:25.236682+00:00
690,19,1000,1000,2025-02-28T21:36:25.236682+00:00
691,16,140414,800,2025-02-28T21:36:25.236682+00:00
692,20,150314,1000,2025-02-28T21:36:25.236682+00:00
693,6,13462,800,2025-02-28T21:36:25.236682+00:00
694,11,13478,800,2025-02-28T21:36:25.236682+00:00
695,21,93413,800,2025-02-28T21:36:25.236682+00:00
696,30,49608,1000,2025-02-28T21:36:25.236682+00:00
697,25,1000,1000,2025-02-28T21:36:25.236682+00:00
698,7,230388,1000,2025-02-28T21:36:25.236682+00:00
699,23,226358,1000,2025-02-28T21:36:25.236682+00:00
700,17,134179,800,2025-02-28T21:36:25.236682+00:00
701,20,186701,1000,2025-02-28T21:36:25.236682+00:00
702,25,1000,1000,2025-02-28T21:36:25.236682+00:00
703,18,42521,800,2025-02-28T21:36:25.236682+00:00
704,27,38995,1300,2025-02-28T21:36:25.236682+00:00
705,2,119863,1000,2025-02-28T21:36:25.236682+00:00
706,14,131885,1000,2025-02-28T21:36:25.236682+00:00
707,20,218376,1000,2025-02-28T21:36:25.236682+00:00
708,16,80211,800,2025-02-28T21:36:25.236682+00:00
709,20,140695,1000,2025-02-28T21:36:25.236682+00:00
710,19,1000,1000,2025-02-28T21:36:25.236682+00:00
711,13,91663,1000,2025-02-28T21:36:25.236682+00:00
712,13,88309,1000,2025-02-28T21:36:25.236682+00:00
713,20,146215,1000,2025-02-28T21:36:25.236682+00:00
714,30,28565,1000,2025-02-28T21:36:25.236682+00:00
715,27,39522,1300,2025-02-28T21:36:25.236682+00:00
716,27,36086,1300,2025-02-28T21:36:25.236682+00:00
717,17,143031,800,2025-02-28T21:36:25.236682+00:00
718,4,117233,1000,2025-02-28T21:36:25.236682+00:00
719,5,148348,1000,2025-02-28T21:36:25.236682+00:00
720,5,158589,1000,2025-02-28T21:36:25.236682+00:00
721,21,67958,800,2025-02-28T21:36:25.236682+00:00
722,23,182590,1000,2025-02-28T21:36:25.236682+00:00
723,3,35851,800,2025-02-28T21:36:25.236682+00:00
724,5,195801,1000,2025-02-28T21:36:25.236682+00:00
725,1,1000,1000,2025-02-28T21:36:25.236682+00:00
726,14,171607,1000,2025-02-28T21:36:25.236682+00:00
727,9,110583,800,2025-02-28T21:36:25.236682+00:00
728,18,47403,800,2025-02-28T21:36:25.236682+00:00
729,10,131997,1000,2025-02-28T21:36:25.236682+00:00
730,2,159105,1000,2025-02-28T21:36:25.236682+00:00
731,10,92799,1000,2025-02-28T21:36:25.236682+00:00
732,6,12766,800,2025-02-28T21:36:25.236682+00:00
733,28,1000,1000,2025-02-28T21:36:25.236682+00:00
734,29,12838,1000,2025-02-28T21:36:25.236682+00:00
735,12,167255,1000,2025-02-28T21:36:25.236682+00:00
736,17,171490,800,2025-02-28T21:36:25.236682+00:00
737,20,166740,1000,2025-02-28T21:36:25.236682+00:00
738,30,40799,1000,2025-02-28T21:36:25.236682+00:00
739,11,12413,800,2025-02-28T21:36:25.236682+00:00
740,2,113627,1000,2025-02-28T21:36:25.236682+00:00
741,1,1000,1000,2025-02-28T21:36:25.236682+00:00
742,9,151986,800,2025-02-28T21:36:25.236682+00:00
743,1,1000,1000,2025-02-28T21:36:25.236682+00:00
744,9,149348,800,2025-02-28T21:36:25.236682+00:00
745,28,1000,1000,2025-02-28T21:36:25.236682+00:00
746,2,135793,1000,2025-02-28T21:36:25.236682+00:00
747,27,36723,1300,2025-02-28T21:36:25.236682+00:00
748,1,1000,1000,2025-02-28T21:36:25.236682+00:00
749,11,15436,800,2025-02-28T21:36:25.236682+00:00
750,7,217262,1000,2025-02-28T21:36:25.236682+00:00
751,25,1000,1000,2025-02-28T21:36:25.236682+00:00
752,9,121122,800,2025-02-28T21:36:25.236682+00:00
753,12,227744,1000,2025-02-28T21:36:25.236682+00:00
754,20,129881,1000,2025-02-28T21:36:25.236682+00:00
755,4,91347,1000,2025-02-28T21:36:25.236682+00:00
756,19,1000,1000,2025-02-28T21:36:25.236682+00:00
757,8,10366,1000,2025-02-28T21:36:25.236682+00:00
758,17,134502,800,2025-02-28T21:36:25.236682+00:00
759,29,10621,1000,2025-02-28T21:36:25.236682+00:00
760,12,218246,1000,2025-02-28T21:36:25.236682+00:00
761,25,1000,1000,2025-02-28T21:36:25.236682+00:00
762,20,246480,1000,2025-02-28T21:36:25.236682+00:00
763,2,101072,1000,2025-02-28T21:36:25.236682+00:00
764,27,43035,1300,2025-02-28T21:36:25.236682+00:00
765,11,9012,800,2025-02-28T21:36:25.236682+00:00
766,19,1000,1000,2025-02-28T21:36:25.236682+00:00
767,26,31325,1000,2025-02-28T21:36:25.236682+00:00
768,19,1000,1000,2025-02-28T21:36:25.236682+00:00
769,9,121071,800,2025-02-28T21:36:25.236682+00:00
770,20,168775,1000,2025-02-28T21:36:25.236682+00:00
771,13,72152,1000,2025-02-28T21:36:25.236682+00:00
772,16,116011,800,2025-02-28T21:36:25.236682+00:00
773,5,210127,1000,2025-02-28T21:36:25.236682+00:00
774,6,14589,800,2025-02-28T21:36:25.236682+00:00
775,4,91298,1000,2025-02-28T21:36:25.236682+00:00
776,19,1000,1000,2025-02-28T21:36:25.236682+00:00
777,24,75202,1300,2025-02-28T21:36:25.236682+00:00
778,11,10696,800,2025-02-28T21:36:25.236682+00:00
779,13,66055,1000,2025-02-28T21:36:25.236682+00:00
780,1,1000,1000,2025-02-28T21:36:25.236682+00:00
781,22,1000,1000,2025-02-28T21:36:25.236682+00:00
782,18,54162,800,2025-02-28T21:36:25.236682+00:00
783,5,251109,1000,2025-02-28T21:36:25.236682+00:00
784,23,130069,1000,2025-02-28T21:36:25.236682+00:00
785,27,28067,1300,2025-02-28T21:36:25.236682+00:00
786,8,12213,1000,2025-02-28T21:36:25.236682+00:00
787,26,14107,1000,2025-02-28T21:36:25.236682+00:00
788,23,167641,1000,2025-02-28T21:36:25.236682+00:00
789,6,6696,800,2025-02-28T21:36:25.236682+00:00
790,1,1000,1000,2025-02-28T21:36:25.236682+00:00
791,19,1000,1000,2025-02-28T21:36:25.236682+00:00
792,24,58777,1300,2025-02-28T21:36:25.236682+00:00
793,17,110478,800,2025-02-28T21:36:25.236682+00:00
794,8,11424,1000,2025-02-28T21:36:25.236682+00:00
795,18,34239,800,2025-02-28T21:36:25.236682+00:00
796,4,129052,1000,2025-02-28T21:36:25.236682+00:00
797,4,100575,1000,2025-02-28T21:36:25.236682+00:00
798,3,41971,800,2025-02-28T21:36:25.236682+00:00
799,30,33888,1000,2025-02-28T21:36:25.236682+00:00
800,12,207218,1000,2025-02-28T21:36:25.236682+00:00
801,4,116121,1000,2025-02-28T21:36:25.236682+00:00
802,1,1000,1000,2025-02-28T21:36:25.236682+00:00
803,30,34925,1000,2025-02-28T21:36:25.236682+00:00
804,26,19006,1000,2025-02-28T21:36:25.236682+00:00
805,8,7843,1000,2025-02-28T21:36:25.236682+00:00
806,24,100514,1300,2025-02-28T21:36:25.236682+00:00
807,18,62417,800,2025-02-28T21:36:25.236682+00:00
808,18,51140,800,2025-02-28T21:36:25.236682+00:00
809,3,34368,800,2025-02-28T21:36:25.236682+00:00
810,1,1000,1000,2025-02-28T21:36:25.236682+00:00
811,5,191574,1000,2025-02-28T21:36:25.236682+00:00
812,22,1000,1000,2025-02-28T21:36:25.236682+00:00
813,4,73939,1000,2025-02-28T21:36:25.236682+00:00
814,25,1000,1000,2025-02-28T21:36:25.236682+00:00
815,21,81515,800,2025-02-28T21:36:25.236682+00:00
816,26,25931,1000,2025-02-28T21:36:25.236682+00:00
817,13,68213,1000,2025-02-28T21:36:25.236682+00:00
818,14,133596,1000,2025-02-28T21:36:25.236682+00:00
819,21,82343,800,2025-02-28T21:36:25.236682+00:00
820,11,13163,800,2025-02-28T21:36:25.236682+00:00
821,2,130066,1000,2025-02-28T21:36:25.236682+00:00
822,22,1000,1000,2025-02-28T21:36:25.236682+00:00
823,19,1000,1000,2025-02-28T21:36:25.236682+00:00
824,21,64096,800,2025-02-28T21:36:25.236682+00:00
825,14,106061,1000,2025-02-28T21:36:25.236682+00:00
826,19,1000,1000,2025-02-28T21:36:25.236682+00:00
827,6,14375,800,2025-02-28T21:36:25.236682+00:00
828,29,13348,1000,2025-02-28T21:36:25.236682+00:00
829,12,211373,1000,2025-02-28T21:36:25.236682+00:00
830,3,44747,800,2025-02-28T21:36:25.236682+00:00
831,16,93864,800,2025-02-28T21:36:25.236682+00:00
832,12,182160,1000,2025-02-28T21:36:25.236682+00:00
833,4,54949,1000,2025-02-28T21:36:25.236682+00:00
834,16,98770,800,2025-02-28T21:36:25.236682+00:00
835,6,9057,800,2025-02-28T21:36:25.236682+00:00
836,19,1000,1000,2025-02-28T21:36:25.236682+00:00
837,12,182264,1000,2025-02-28T21:36:25.236682+00:00
838,29,6508,1000,2025-02-28T21:36:25.236682+00:00
839,15,26786,1000,2025-02-28T21:36:25.236682+00:00
840,8,15996,1000,2025-02-28T21:36:25.236682+00:00
841,9,135681,800,2025-02-28T21:36:25.236682+00:00
842,17,107220,800,2025-02-28T21:36:25.236682+00:00
843,28,1000,1000,2025-02-28T21:36:25.236682+00:00
844,9,144857,800,2025-02-28T21:36:25.236682+00:00
845,3,39132,800,2025-02-28T21:36:25.236682+00:00
846,19,1000,1000,2025-02-28T21:36:25.236682+00:00
847,11,11295,800,2025-02-28T21:36:25.236682+00:00
848,12,225519,1000,2025-02-28T21:36:25.236682+00:00
849,13,68389,1000,2025-02-28T21:36:25.236682+00:00
850,8,11891,1000,2025-02-28T21:36:25.236682+00:00
851,11,7316,800,2025-02-28T21:36:25.236682+00:00
852,20,185940,1000,2025-02-28T21:36:25.236682+00:00
853,18,50653,800,2025-02-28T21:36:25.236682+00:00
854,17,136550,800,2025-02-28T21:36:25.236682+00:00
855,10,100134,1000,2025-02-28T21:36:25.236682+00:00
856,23,173393,1000,2025-02-28T21:36:25.236682+00:00
857,4,82534,1000,2025-02-28T21:36:25.236682+00:00
858,12,162930,1000,2025-02-28T21:36:25.236682+00:00
859,24,74479,1300,2025-02-28T21:36:25.236682+00:00
860,18,56802,800,2025-02-28T21:36:25.236682+00:00
861,7,213860,1000,2025-02-28T21:36:25.236682+00:00
862,15,12700,1000,2025-02-28T21:36:25.236682+00:00
863,22,1000,1000,2025-02-28T21:36:25.236682+00:00
864,8,11716,1000,2025-02-28T21:36:25.236682+00:00
865,26,35445,1000,2025-02-28T21:36:25.236682+00:00
866,11,11785,800,2025-02-28T21:36:25.236682+00:00
867,4,84086,1000,2025-02-28T21:36:25.236682+00:00
868,28,1000,1000,2025-02-28T21:36:25.236682+00:00
869,8,11124,1000,2025-02-28T21:36:25.236682+00:00
870,22,1000,1000,2025-02-28T21:36:25.236682+00:00
871,1,1000,1000,2025-02-28T21:36:25.236682+00:00
872,11,12702,800,2025-02-28T21:36:25.236682+00:00
873,19,1000,1000,2025-02-28T21:36:25.236682+00:00
874,11,11539,800,2025-02-28T21:36:25.236682+00:00
875,24,72722,1300,2025-02-28T21:36:25.236682+00:00
876,7,183799,1000,2025-02-28T21:36:25.236682+00:00
877,23,187582,1000,2025-02-28T21:36:25.236682+00:00
878,21,71068,800,2025-02-28T21:36:25.236682+00:00
879,8,12979,1000,2025-02-28T21:36:25.236682+00:00
880,1,1000,1000,2025-02-28T21:36:25.236682+00:00
881,2,62714,1000,2025-02-28T21:36:25.236682+00:00
882,21,78316,800,2025-02-28T21:36:25.236682+00:00
883,20,189348,1000,2025-02-28T21:36:25.236682+00:00
884,6,10861,800,2025-02-28T21:36:25.236682+00:00
885,6,12575,800,2025-02-28T21:36:25.236682+00:00
886,11,16563,800,2025-02-28T21:36:25.236682+00:00
887,24,67815,1300,2025-02-28T21:36:25.236682+00:00
888,11,13584,800,2025-02-28T21:36:25.236682+00:00
889,18,56200,800,2025-02-28T21:36:25.236682+00:00
890,16,103330,800,2025-02-28T21:36:25.236682+00:00
891,28,1000,1000,2025-02-28T21:36:25.236682+00:00
892,5,215303,1000,2025-02-28T21:36:25.236682+00:00
893,26,21873,1000,2025-02-28T21:36:25.236682+00:00
894,7,140767,1000,2025-02-28T21:36:25.236682+00:00
895,16,96029,800,2025-02-28T21:36:25.236682+00:00
896,9,110705,800,2025-02-28T21:36:25.236682+00:00
897,12,177708,1000,2025-02-28T21:36:25.236682+00:00
898,9,167301,800,2025-02-28T21:36:25.236682+00:00
899,30,36431,1000,2025-02-28T21:36:25.236682+00:00
900,9,148101,800,2025-02-28T21:36:25.236682+00:00
901,21,70713,800,2025-02-28T21:36:25.236682+00:00
902,14,84129,1000,2025-02-28T21:36:25.236682+00:00
903,10,74547,1000,2025-02-28T21:36:25.236682+00:00
904,22,1000,1000,2025-02-28T21:36:25.236682+00:00
905,20,148364,1000,2025-02-28T21:36:25.236682+00:00
906,14,83074,1000,2025-02-28T21:36:25.236682+00:00
907,10,146340,1000,2025-02-28T21:36:25.236682+00:00
908,2,128513,1000,2025-02-28T21:36:25.236682+00:00
909,5,169219,1000,2025-02-28T21:36:25.236682+00:00
910,19,1000,1000,2025-02-28T21:36:25.236682+00:00
911,14,157289,1000,2025-02-28T21:36:25.236682+00:00
912,11,11493,800,2025-02-28T21:36:25.236682+00:00
913,14,118665,1000,2025-02-28T21:36:25.236682+00:00
914,30,26743,1000,2025-02-28T21:36:25.236682+00:00
915,2,103048,1000,2025-02-28T21:36:25.236682+00:00
916,17,150092,800,2025-02-28T21:36:25.236682+00:00
917,4,94909,1000,2025-02-28T21:36:25.236682+00:00
918,28,1000,1000,2025-02-28T21:36:25.236682+00:00
919,8,12757,1000,2025-02-28T21:36:25.236682+00:00
920,1,1000,1000,2025-02-28T21:36:25.236682+00:00
921,10,101140,1000,2025-02-28T21:36:25.236682+00:00
922,16,105346,800,2025-02-28T21:36:25.236682+00:00
923,7,207026,1000,2025-02-28T21:36:25.236682+00:00
924,17,115304,800,2025-02-28T21:36:25.236682+00:00
925,8,11887,1000,2025-02-28T21:36:25.236682+00:00
926,12,128701,1000,2025-02-28T21:36:25.236682+00:00
927,11,11050,800,2025-02-28T21:36:25.236682+00:00
928,27,35652,1300,2025-02-28T21:36:25.236682+00:00
929,6,12516,800,2025-02-28T21:36:25.236682+00:00
930,5,243068,1000,2025-02-28T21:36:25.236682+00:00
931,28,1000,1000,2025-02-28T21:36:25.236682+00:00
932,16,88859,800,2025-02-28T21:36:25.236682+00:00
933,15,34687,1000,2025-02-28T21:36:25.236682+00:00
934,6,13889,800,2025-02-28T21:36:25.236682+00:00
935,17,104731,800,2025-02-28T21:36:25.236682+00:00
936,8,10975,1000,2025-02-28T21:36:25.236682+00:00
937,28,1000,1000,2025-02-28T21:36:25.236682+00:00
938,14,91680,1000,2025-02-28T21:36:25.236682+00:00
939,3,39120,800,2025-02-28T21:36:25.236682+00:00
940,12,202661,1000,2025-02-28T21:36:25.236682+00:00
941,2,77538,1000,2025-02-28T21:36:25.236682+00:00
942,5,211429,1000,2025-02-28T21:36:25.236682+00:00
943,28,1000,1000,2025-02-28T21:36:25.236682+00:00
944,13,107143,1000,2025-02-28T21:36:25.236682+00:00
945,25,1000,1000,2025-02-28T21:36:25.236682+00:00
946,1,1000,1000,2025-02-28T21:36:25.236682+00:00
947,29,11326,1000,2025-02-28T21:36:25.236682+00:00
948,8,8623,1000,2025-02-28T21:36:25.236682+00:00
949,12,265623,1000,2025-02-28T21:36:25.236682+00:00
950,19,1000,1000,2025-02-28T21:36:25.236682+00:00
951,27,25994,1300,2025-02-28T21:36:25.236682+00:00
952,30,30173,1000,2025-02-28T21:36:25.236682+00:00
953,21,68531,800,2025-02-28T21:36:25.236682+00:00
954,26,29346,1000,2025-02-28T21:36:25.236682+00:00
955,12,288286,1000,2025-02-28T21:36:25.236682+00:00
956,8,11541,1000,2025-02-28T21:36:25.236682+00:00
957,12,182853,1000,2025-02-28T21:36:25.236682+00:00
958,17,155516,800,2025-02-28T21:36:25.236682+00:00
959,4,118275,1000,2025-02-28T21:36:25.236682+00:00
960,4,117886,1000,2025-02-28T21:36:25.236682+00:00
961,13,57895,1000,2025-02-28T21:36:25.236682+00:00
962,15,12905,1000,2025-02-28T21:36:25.236682+00:00
963,24,79826,1300,2025-02-28T21:36:25.236682+00:00
964,17,148402,800,2025-02-28T21:36:25.236682+00:00
965,13,70435,1000,2025-02-28T21:36:25.236682+00:00
966,18,52299,800,2025-02-28T21:36:25.236682+00:00
967,8,16325,1000,2025-02-28T21:36:25.236682+00:00
968,2,154081,1000,2025-02-28T21:36:25.236682+00:00
969,7,210540,1000,2025-02-28T21:36:25.236682+00:00
970,24,101460,1300,2025-02-28T21:36:25.236682+00:00
971,21,80886,800,2025-02-28T21:36:25.236682+00:00
972,24,80925,1300,2025-02-28T21:36:25.236682+00:00
973,9,187926,800,2025-02-28T21:36:25.236682+00:00
974,26,22645,1000,2025-02-28T21:36:25.236682+00:00
975,25,1000,1000,2025-02-28T21:36:25.236682+00:00
976,22,1000,1000,2025-02-28T21:36:25.236682+00:00
977,14,99274,1000,2025-02-28T21:36:25.236682+00:00
978,12,240986,1000,2025-02-28T21:36:25.236682+00:00
979,2,77708,1000,2025-02-28T21:36:25.236682+00:00
980,9,209351,800,2025-02-28T21:36:25.236682+00:00
981,30,38928,1000,2025-02-28T21:36:25.236682+00:00
982,24,54015,1300,2025-02-28T21:36:25.236682+00:00
983,3,26677,800,2025-02-28T21:36:25.236682+00:00
984,2,174302,1000,2025-02-28T21:36:25.236682+00:00
985,5,281049,1000,2025-02-28T21:36:25.236682+00:00
986,17,136088,800,2025-02-28T21:36:25.236682+00:00
987,8,10839,1000,2025-02-28T21:36:25.236682+00:00
988,22,1000,1000,2025-02-28T21:36:25.236682+00:00
989,25,1000,1000,2025-02-28T21:36:25.236682+00:00
990,12,175733,1000,2025-02-28T21:36:25.236682+00:00
991,24,97404,1300,2025-02-28T21:36:25.236682+00:00
992,27,31214,1300,2025-02-28T21:36:25.236682+00:00
993,25,1000,1000,2025-02-28T21:36:25.236682+00:00
994,14,91255,1000,2025-02-28T21:36:25.236682+00:00
995,11,10761,800,2025-02-28T21:36:25.236682+00:00
996,13,62703,1000,2025-02-28T21:36:25.236682+00:00
997,5,143795,1000,2025-02-28T21:36:25.236682+00:00
998,23,180771,1000,2025-02-28T21:36:25.236682+00:00
999,1,1000,1000,2025-02-28T21:36:25.236682+00:00
1000,14,60102,1000,2025-02-28T21:36:25.236682+00:00
